{
    "total_runtime": 1.81821870803833,
    "num_documents": 1,
    "input_load_time": 0,
    "workflows": {
        "create_base_text_units": {
            "overall": 0.5972225666046143,
            "0_orderby": 0.0011935234069824219,
            "1_zip": 0.002355813980102539,
            "2_aggregate_override": 0.0050275325775146484,
            "3_chunk": 0.5579211711883545,
            "4_select": 0.0015244483947753906,
            "5_unroll": 0.014848470687866211,
            "6_rename": 0.0009453296661376953,
            "7_genid": 0.002823352813720703,
            "8_unzip": 0.0019266605377197266,
            "9_copy": 0.0006494522094726562,
            "10_filter": 0.007201433181762695
        }
    }
}