{
    "total_runtime": 1.1832914352416992,
    "num_documents": 1,
    "input_load_time": 0,
    "workflows": {
        "create_base_text_units": {
            "overall": 0.5798022747039795,
            "0_orderby": 0.0011446475982666016,
            "1_zip": 0.002614736557006836,
            "2_aggregate_override": 0.0058896541595458984,
            "3_chunk": 0.5510518550872803,
            "4_select": 0.0014309883117675781,
            "5_unroll": 0.0032804012298583984,
            "6_rename": 0.0009622573852539062,
            "7_genid": 0.0028009414672851562,
            "8_unzip": 0.0019626617431640625,
            "9_copy": 0.0006213188171386719,
            "10_filter": 0.007250547409057617
        }
    }
}