{
    "total_runtime": 1.6457552909851074,
    "num_documents": 1,
    "input_load_time": 0,
    "workflows": {
        "create_base_text_units": {
            "overall": 0.5706329345703125,
            "0_orderby": 0.0013315677642822266,
            "1_zip": 0.0025815963745117188,
            "2_aggregate_override": 0.005623340606689453,
            "3_chunk": 0.5422816276550293,
            "4_select": 0.001444101333618164,
            "5_unroll": 0.0032079219818115234,
            "6_rename": 0.0009124279022216797,
            "7_genid": 0.002777576446533203,
            "8_unzip": 0.001958608627319336,
            "9_copy": 0.0006186962127685547,
            "10_filter": 0.00708317756652832
        }
    }
}