{
    "total_runtime": 1.5765118598937988,
    "num_documents": 1,
    "input_load_time": 0,
    "workflows": {
        "create_base_text_units": {
            "overall": 0.6152515411376953,
            "0_orderby": 0.0011744499206542969,
            "1_zip": 0.0023298263549804688,
            "2_aggregate_override": 0.005109310150146484,
            "3_chunk": 0.5873527526855469,
            "4_select": 0.0014529228210449219,
            "5_unroll": 0.0033016204833984375,
            "6_rename": 0.0009465217590332031,
            "7_genid": 0.002755880355834961,
            "8_unzip": 0.002147674560546875,
            "9_copy": 0.0006337165832519531,
            "10_filter": 0.007261037826538086
        }
    }
}