{
    "total_runtime": 0.7521553039550781,
    "num_documents": 1,
    "input_load_time": 0,
    "workflows": {
        "create_base_text_units": {
            "overall": 0.5952713489532471,
            "0_orderby": 0.001332998275756836,
            "1_zip": 0.002418994903564453,
            "2_aggregate_override": 0.0049512386322021484,
            "3_chunk": 0.567413330078125,
            "4_select": 0.0014460086822509766,
            "5_unroll": 0.003269195556640625,
            "6_rename": 0.0009598731994628906,
            "7_genid": 0.0028641223907470703,
            "8_unzip": 0.001995563507080078,
            "9_copy": 0.0006330013275146484,
            "10_filter": 0.007211446762084961
        }
    }
}