{
    "total_runtime": 0.7643816471099854,
    "num_documents": 1,
    "input_load_time": 0,
    "workflows": {
        "create_base_text_units": {
            "overall": 0.6143839359283447,
            "0_orderby": 0.001435995101928711,
            "1_zip": 0.0030841827392578125,
            "2_aggregate_override": 0.00551605224609375,
            "3_chunk": 0.5838987827301025,
            "4_select": 0.0015571117401123047,
            "5_unroll": 0.0034804344177246094,
            "6_rename": 0.0010039806365966797,
            "7_genid": 0.002950906753540039,
            "8_unzip": 0.0021293163299560547,
            "9_copy": 0.0006811618804931641,
            "10_filter": 0.007794618606567383
        }
    }
}