{
    "total_runtime": 1.418544054031372,
    "num_documents": 1,
    "input_load_time": 0,
    "workflows": {
        "create_base_text_units": {
            "overall": 0.5944137573242188,
            "0_orderby": 0.0011472702026367188,
            "1_zip": 0.002138853073120117,
            "2_aggregate_override": 0.004953145980834961,
            "3_chunk": 0.5520138740539551,
            "4_select": 0.0014448165893554688,
            "5_unroll": 0.016495943069458008,
            "6_rename": 0.002605438232421875,
            "7_genid": 0.002783536911010742,
            "8_unzip": 0.0019202232360839844,
            "9_copy": 0.0006465911865234375,
            "10_filter": 0.00745391845703125
        }
    }
}