{
    "total_runtime": 1.2140746116638184,
    "num_documents": 1,
    "input_load_time": 0,
    "workflows": {
        "create_base_text_units": {
            "overall": 0.5844731330871582,
            "0_orderby": 0.0012519359588623047,
            "1_zip": 0.002401113510131836,
            "2_aggregate_override": 0.005000114440917969,
            "3_chunk": 0.5550808906555176,
            "4_select": 0.0014641284942626953,
            "5_unroll": 0.003474712371826172,
            "6_rename": 0.0010037422180175781,
            "7_genid": 0.0029897689819335938,
            "8_unzip": 0.0020329952239990234,
            "9_copy": 0.0006780624389648438,
            "10_filter": 0.007457733154296875
        }
    }
}