{
    "total_runtime": 1.305821180343628,
    "num_documents": 1,
    "input_load_time": 0,
    "workflows": {
        "create_base_text_units": {
            "overall": 0.6052894592285156,
            "0_orderby": 0.0030982494354248047,
            "1_zip": 0.007497310638427734,
            "2_aggregate_override": 0.005890369415283203,
            "3_chunk": 0.5694622993469238,
            "4_select": 0.0014727115631103516,
            "5_unroll": 0.0032892227172851562,
            "6_rename": 0.0009124279022216797,
            "7_genid": 0.0028624534606933594,
            "8_unzip": 0.002015829086303711,
            "9_copy": 0.0006327629089355469,
            "10_filter": 0.007268667221069336
        }
    }
}