{
    "total_runtime": 1.1154813766479492,
    "num_documents": 1,
    "input_load_time": 0,
    "workflows": {
        "create_base_text_units": {
            "overall": 0.5838174819946289,
            "0_orderby": 0.0012009143829345703,
            "1_zip": 0.0024080276489257812,
            "2_aggregate_override": 0.005602121353149414,
            "3_chunk": 0.5553371906280518,
            "4_select": 0.0014317035675048828,
            "5_unroll": 0.0033423900604248047,
            "6_rename": 0.0009105205535888672,
            "7_genid": 0.0027921199798583984,
            "8_unzip": 0.0020279884338378906,
            "9_copy": 0.0006368160247802734,
            "10_filter": 0.00733184814453125
        }
    }
}