{
    "total_runtime": 1.168907642364502,
    "num_documents": 1,
    "input_load_time": 0,
    "workflows": {
        "create_base_text_units": {
            "overall": 0.5747592449188232,
            "0_orderby": 0.0011992454528808594,
            "1_zip": 0.0025746822357177734,
            "2_aggregate_override": 0.005219697952270508,
            "3_chunk": 0.5465881824493408,
            "4_select": 0.0015647411346435547,
            "5_unroll": 0.003348827362060547,
            "6_rename": 0.0009171962738037109,
            "7_genid": 0.0027556419372558594,
            "8_unzip": 0.0019989013671875,
            "9_copy": 0.0006415843963623047,
            "10_filter": 0.0071353912353515625
        }
    }
}