{
    "total_runtime": 1.259204387664795,
    "num_documents": 1,
    "input_load_time": 0,
    "workflows": {
        "create_base_text_units": {
            "overall": 0.5826239585876465,
            "0_orderby": 0.0011394023895263672,
            "1_zip": 0.002360820770263672,
            "2_aggregate_override": 0.004889249801635742,
            "3_chunk": 0.5552523136138916,
            "4_select": 0.0014905929565429688,
            "5_unroll": 0.003364086151123047,
            "6_rename": 0.0009169578552246094,
            "7_genid": 0.0027713775634765625,
            "8_unzip": 0.0018992424011230469,
            "9_copy": 0.0006515979766845703,
            "10_filter": 0.007108449935913086
        }
    }
}