{
    "total_runtime": 0.876673698425293,
    "num_documents": 1,
    "input_load_time": 0,
    "workflows": {
        "create_base_text_units": {
            "overall": 0.1902933120727539,
            "0_orderby": 0.0021033287048339844,
            "1_zip": 0.002335786819458008,
            "2_aggregate_override": 0.003843545913696289,
            "3_chunk": 0.1464858055114746,
            "4_select": 0.0030775070190429688,
            "5_unroll": 0.004044055938720703,
            "6_rename": 0.0031452178955078125,
            "7_genid": 0.004044771194458008,
            "8_unzip": 0.004296779632568359,
            "9_copy": 0.0037055015563964844,
            "10_filter": 0.011329412460327148
        },
        "create_base_extracted_entities": {
            "overall": 0.18684124946594238,
            "0_entity_extract": 0.17149949073791504,
            "1_merge_graphs": 0.009953022003173828
        },
        "create_summarized_entities": {
            "overall": 0.01017141342163086,
            "0_summarize_descriptions": 0.00557398796081543
        }
    }
}