{
    "total_runtime": 0.7277922630310059,
    "num_documents": 1,
    "input_load_time": 0,
    "workflows": {
        "create_base_text_units": {
            "overall": 0.579787015914917,
            "0_orderby": 0.0013210773468017578,
            "1_zip": 0.0025703907012939453,
            "2_aggregate_override": 0.005431413650512695,
            "3_chunk": 0.5509452819824219,
            "4_select": 0.001485586166381836,
            "5_unroll": 0.0033521652221679688,
            "6_rename": 0.0009522438049316406,
            "7_genid": 0.0028634071350097656,
            "8_unzip": 0.0020034313201904297,
            "9_copy": 0.0006890296936035156,
            "10_filter": 0.007396221160888672
        }
    }
}